checked_at,site,lat,lon,forecast_day,valid_date,particulate_domoic,cellular_domoic,pseudo_nitzschia
2026-10-05T22:43Z,Trinidad Pier,41.057,-124.147,0,2026-10-04,0.6129,0.3822,0.952
2026-10-05T22:43Z,Trinidad Pier,41.057,-124.147,1,2026-10-05,0.606,0.5249,0.9484
2026-10-05T22:43Z,Trinidad Pier,41.057,-124.147,2,2026-10-06,0.6098,0.4685,0.9484
2026-10-05T22:43Z,Trinidad Pier,41.057,-124.147,3,2026-10-07,0.6189,0.4097,0.9486
2026-10-05T22:43Z,Bodega Bay,38.317,-123.072,0,2026-10-04,0.6266,0.3083,0.9655
2026-10-05T22:43Z,Bodega Bay,38.317,-123.072,1,2026-10-05,0.6339,0.2382,0.9837
2026-10-05T22:43Z,Bodega Bay,38.317,-123.072,2,2026-10-06,0.6017,0.265,0.9752
2026-10-05T22:43Z,Bodega Bay,38.317,-123.072,3,2026-10-07,0.631,0.2411,0.988
2026-10-05T22:43Z,Santa Cruz Wharf,36.958,-122.017,0,2026-10-04,0.7694,0.2306,0.9689
2026-10-05T22:43Z,Santa Cruz Wharf,36.958,-122.017,1,2026-10-05,0.7731,0.2847,0.9594
2026-10-05T22:43Z,Santa Cruz Wharf,36.958,-122.017,2,2026-10-06,0.7549,0.271,0.965
2026-10-05T22:43Z,Santa Cruz Wharf,36.958,-122.017,3,2026-10-07,0.7932,0.2654,0.9605
2026-10-05T22:43Z,Monterey Wharf,36.605,-121.889,0,2026-10-04,0.7278,0.4389,0.9369
2026-10-05T22:43Z,Monterey Wharf,36.605,-121.889,1,2026-10-05,0.7536,0.3753,0.9244
2026-10-05T22:43Z,Monterey Wharf,36.605,-121.889,2,2026-10-06,0.7734,0.3315,0.9088
2026-10-05T22:43Z,Monterey Wharf,36.605,-121.889,3,2026-10-07,0.7314,0.3411,0.943
2026-10-05T22:43Z,Cal Poly Pier,35.17,-120.741,0,2026-10-04,0.817,0.1436,0.9408
2026-10-05T22:43Z,Cal Poly Pier,35.17,-120.741,2,2026-10-06,0.7239,0.331,0.0043
2026-10-05T22:43Z,Cal Poly Pier,35.17,-120.741,3,2026-10-07,0.7421,0.3215,0.004
2026-10-05T22:43Z,Stearns Wharf,34.408,-119.685,0,2026-10-04,0.9013,0.0285,0.749
2026-10-05T22:43Z,Stearns Wharf,34.408,-119.685,1,2026-10-05,0.8945,0.035,0.764
2026-10-05T22:43Z,Stearns Wharf,34.408,-119.685,2,2026-10-06,0.8966,0.0323,0.7828
2026-10-05T22:43Z,Stearns Wharf,34.408,-119.685,3,2026-10-07,0.9011,0.0351,0.7401
2026-10-05T22:43Z,Santa Monica Pier,34.008,-118.499,0,2026-10-04,0.8072,0.0705,0.4884
2026-10-05T22:43Z,Santa Monica Pier,34.008,-118.499,1,2026-10-05,0.8205,0.0554,0.4884
2026-10-05T22:43Z,Santa Monica Pier,34.008,-118.499,2,2026-10-06,0.8271,0.0609,0.4884
2026-10-05T22:43Z,Santa Monica Pier,34.008,-118.499,3,2026-10-07,0.8313,0.0746,0.4884
2026-10-05T22:43Z,Newport Pier,33.607,-117.93,0,2026-10-04,0.851,0.0712,0.5622
2026-10-05T22:43Z,Newport Pier,33.607,-117.93,1,2026-10-05,0.9362,0.011,0.9746
2026-10-05T22:43Z,Newport Pier,33.607,-117.93,2,2026-10-06,0.9294,0.0069,0.9845
2026-10-05T22:43Z,Newport Pier,33.607,-117.93,3,2026-10-07,0.9286,0.0083,0.9858
2026-10-05T22:43Z,Scripps Pier,32.867,-117.257,0,2026-10-04,0.8609,0.0591,0.8938
2026-10-05T22:43Z,Scripps Pier,32.867,-117.257,1,2026-10-05,0.8678,0.0446,0.8938
2026-10-05T22:43Z,Scripps Pier,32.867,-117.257,2,2026-10-06,0.8662,0.0491,0.8938
2026-10-05T22:43Z,Scripps Pier,32.867,-117.257,3,2026-10-07,0.8437,0.0447,0.8938
2026-10-05T22:44Z,Cal Poly Pier,35.17,-120.741,1,2026-10-05,0.7518,0.2643,0.1532
2026-10-08T18:52Z,Trinidad Pier,41.057,-124.147,0,2026-10-07,0.3602,0.5289,0.9145
2026-10-08T18:52Z,Trinidad Pier,41.057,-124.147,1,2026-10-08,0.5516,0.2561,0.9733
2026-10-08T18:52Z,Trinidad Pier,41.057,-124.147,2,2026-10-09,0.5326,0.622,0.9626
2026-10-08T18:52Z,Trinidad Pier,41.057,-124.147,3,2026-10-10,0.5187,0.7591,0.9469
2026-10-08T18:52Z,Bodega Bay,38.317,-123.072,0,2026-10-07,0.6245,0.5616,0.9925
2026-10-08T18:52Z,Bodega Bay,38.317,-123.072,1,2026-10-08,0.6452,0.5391,0.9913
2026-10-08T18:52Z,Bodega Bay,38.317,-123.072,2,2026-10-09,0.701,0.5439,0.9947
2026-10-08T18:52Z,Bodega Bay,38.317,-123.072,3,2026-10-10,0.6099,0.5367,0.9951
2026-10-08T18:52Z,Santa Cruz Wharf,36.958,-122.017,0,2026-10-07,0.776,0.2822,0.9613
2026-10-08T18:52Z,Santa Cruz Wharf,36.958,-122.017,1,2026-10-08,0.7223,0.3365,0.8244
2026-10-08T18:52Z,Santa Cruz Wharf,36.958,-122.017,2,2026-10-09,0.6723,0.4453,0.3959
2026-10-08T18:52Z,Santa Cruz Wharf,36.958,-122.017,3,2026-10-10,0.6618,0.5177,0.147
2026-10-08T18:52Z,Monterey Wharf,36.605,-121.889,0,2026-10-07,0.7376,0.3676,0.9657
2026-10-08T18:52Z,Monterey Wharf,36.605,-121.889,1,2026-10-08,0.7395,0.3457,0.9635
2026-10-08T18:52Z,Monterey Wharf,36.605,-121.889,2,2026-10-09,0.7381,0.3378,0.9641
2026-10-08T18:52Z,Monterey Wharf,36.605,-121.889,3,2026-10-10,0.7482,0.3524,0.9642
2026-10-08T18:52Z,Cal Poly Pier,35.17,-120.741,0,2026-10-07,0.6989,0.2095,0.9539
2026-10-08T18:52Z,Cal Poly Pier,35.17,-120.741,1,2026-10-08,0.7049,0.1977,0.6696
2026-10-08T18:52Z,Cal Poly Pier,35.17,-120.741,2,2026-10-09,0.7007,0.2607,0.2245
2026-10-08T18:52Z,Cal Poly Pier,35.17,-120.741,3,2026-10-10,0.7021,0.3075,0.0794
2026-10-08T18:52Z,Stearns Wharf,34.408,-119.685,0,2026-10-07,0.8616,0.0487,0.82
2026-10-08T18:52Z,Stearns Wharf,34.408,-119.685,1,2026-10-08,0.5584,0.3334,1.0
2026-10-08T18:52Z,Stearns Wharf,34.408,-119.685,2,2026-10-09,0.372,0.6114,0.9999
2026-10-08T18:52Z,Stearns Wharf,34.408,-119.685,3,2026-10-10,0.0331,0.7103,0.9999
2026-10-08T18:52Z,Santa Monica Pier,34.008,-118.499,0,2026-10-07,0.7861,0.0693,0.0166
2026-10-08T18:52Z,Santa Monica Pier,34.008,-118.499,1,2026-10-08,0.7899,0.1087,0.0166
2026-10-08T18:52Z,Santa Monica Pier,34.008,-118.499,2,2026-10-09,0.7696,0.1303,0.0166
2026-10-08T18:52Z,Santa Monica Pier,34.008,-118.499,3,2026-10-10,0.7171,0.1498,0.0166
2026-10-08T18:52Z,Newport Pier,33.607,-117.93,0,2026-10-07,0.7993,0.0625,0.191
2026-10-08T18:52Z,Newport Pier,33.607,-117.93,1,2026-10-08,0.7925,0.0687,0.2929
2026-10-08T18:52Z,Newport Pier,33.607,-117.93,2,2026-10-09,0.8114,0.0692,0.2849
2026-10-08T18:52Z,Newport Pier,33.607,-117.93,3,2026-10-10,0.7897,0.1149,0.2583
2026-10-08T18:52Z,Scripps Pier,32.867,-117.257,0,2026-10-07,0.8245,0.0657,0.5441
2026-10-08T18:52Z,Scripps Pier,32.867,-117.257,1,2026-10-08,0.8085,0.0849,0.5441
2026-10-08T18:52Z,Scripps Pier,32.867,-117.257,2,2026-10-09,0.9059,0.1537,0.5441
2026-10-08T18:52Z,Scripps Pier,32.867,-117.257,3,2026-10-10,0.9095,0.1268,0.5441
2026-10-10T17:21Z,Trinidad Pier,41.057,-124.147,0,2026-10-09,0.6143,0.3491,0.9849
2026-10-10T17:21Z,Trinidad Pier,41.057,-124.147,1,2026-10-10,0.7035,0.7286,0.9832
2026-10-10T17:21Z,Trinidad Pier,41.057,-124.147,2,2026-10-11,0.7188,0.7297,0.9831
2026-10-10T17:21Z,Trinidad Pier,41.057,-124.147,3,2026-10-12,0.7314,0.7151,0.9831
2026-10-10T17:21Z,Bodega Bay,38.317,-123.072,0,2026-10-09,0.7963,0.5002,0.933
2026-10-10T17:21Z,Bodega Bay,38.317,-123.072,1,2026-10-10,0.8286,0.3911,0.975
2026-10-10T17:21Z,Bodega Bay,38.317,-123.072,2,2026-10-11,0.8277,0.3862,0.9655
2026-10-10T17:21Z,Bodega Bay,38.317,-123.072,3,2026-10-12,0.8499,0.3536,0.9551
2026-10-10T17:21Z,Santa Cruz Wharf,36.958,-122.017,0,2026-10-09,0.8278,0.2111,0.8315
2026-10-10T17:21Z,Santa Cruz Wharf,36.958,-122.017,1,2026-10-10,0.8446,0.2306,0.9128
2026-10-10T17:21Z,Santa Cruz Wharf,36.958,-122.017,2,2026-10-11,0.8407,0.2373,0.9277
2026-10-10T17:21Z,Santa Cruz Wharf,36.958,-122.017,3,2026-10-12,0.8337,0.2849,0.9079
2026-10-10T17:21Z,Monterey Wharf,36.605,-121.889,0,2026-10-09,0.775,0.3479,0.7744
2026-10-10T17:21Z,Monterey Wharf,36.605,-121.889,1,2026-10-10,0.7886,0.3362,0.8413
2026-10-10T17:21Z,Monterey Wharf,36.605,-121.889,2,2026-10-11,0.7883,0.3535,0.8535
2026-10-10T17:21Z,Monterey Wharf,36.605,-121.889,3,2026-10-12,0.7935,0.3292,0.8646
2026-10-10T17:21Z,Cal Poly Pier,35.17,-120.741,0,2026-10-09,0.8473,0.052,0.9624
2026-10-10T17:21Z,Cal Poly Pier,35.17,-120.741,1,2026-10-10,0.8205,0.0258,0.9806
2026-10-10T17:21Z,Cal Poly Pier,35.17,-120.741,2,2026-10-11,0.6043,0.0152,0.9828
2026-10-10T17:21Z,Cal Poly Pier,35.17,-120.741,3,2026-10-12,0.4784,0.0189,0.9789
2026-10-10T17:21Z,Stearns Wharf,34.408,-119.685,0,2026-10-09,0.8708,0.0535,0.7322
2026-10-10T17:21Z,Stearns Wharf,34.408,-119.685,1,2026-10-10,0.5456,0.446,1
2026-10-10T17:21Z,Stearns Wharf,34.408,-119.685,2,2026-10-11,0.3437,0.6941,1.0
2026-10-10T17:21Z,Stearns Wharf,34.408,-119.685,3,2026-10-12,0.297,0.6453,1.0
2026-10-10T17:21Z,Santa Monica Pier,34.008,-118.499,0,2026-10-09,0.8465,0.0678,0.3945
2026-10-10T17:21Z,Santa Monica Pier,34.008,-118.499,1,2026-10-10,0.8106,0.0883,0.3945
2026-10-10T17:21Z,Santa Monica Pier,34.008,-118.499,2,2026-10-11,0.7388,0.1456,0.3945
2026-10-10T17:21Z,Santa Monica Pier,34.008,-118.499,3,2026-10-12,0.8143,0.1861,0.3945
2026-10-10T17:21Z,Newport Pier,33.607,-117.93,0,2026-10-09,0.8546,0.0525,0.3706
2026-10-10T17:21Z,Newport Pier,33.607,-117.93,1,2026-10-10,0.8464,0.0881,0.0691
2026-10-10T17:21Z,Newport Pier,33.607,-117.93,2,2026-10-11,0.8096,0.0868,0.0785
2026-10-10T17:21Z,Newport Pier,33.607,-117.93,3,2026-10-12,0.8147,0.0918,0.0787
2026-10-10T17:21Z,Scripps Pier,32.867,-117.257,0,2026-10-09,0.91,0.1079,0.844
2026-10-10T17:21Z,Scripps Pier,32.867,-117.257,1,2026-10-10,0.9021,0.062,0.844
2026-10-10T17:21Z,Scripps Pier,32.867,-117.257,2,2026-10-11,0.8894,0.0625,0.844
2026-10-10T17:21Z,Scripps Pier,32.867,-117.257,3,2026-10-12,0.8867,0.0471,0.844
