date,event,area_id,name,region,state,biotoxin,reasons
2026-10-06T00:15Z,status when record began,7001,Indian River/St. Lucie,Atlantic,open,False,
2026-10-06T00:15Z,status when record began,7005,Indian River/St. Lucie,Atlantic,closed,False,
2026-10-06T00:15Z,status when record began,7202,North Indian River,Atlantic,open,False,
2026-10-06T00:15Z,status when record began,7412,Body F,Atlantic,open,False,
2026-10-06T00:15Z,status when record began,7506,Body E,Atlantic,closed,False,
2026-10-06T00:15Z,status when record began,7602,Body D,Atlantic,closed,False,ADMINISTRATIVE
2026-10-06T00:15Z,status when record began,7712,Body C Zone 1 Spring/Summer/Fall (March-Nov),Atlantic,closed,False,ADMINISTRATIVE
2026-10-06T00:15Z,status when record began,7716,Body C Winter (December-February),Atlantic,closed,False,
2026-10-06T00:15Z,status when record began,7722,Body C Zone 2 Spring/Summer/Fall (March-Nov),Atlantic,closed,False,ADMINISTRATIVE
2026-10-06T00:15Z,status when record began,7726,Body C Spring/Summer/Fall (March-Nov),Atlantic,closed,False,
2026-10-06T00:15Z,status when record began,7732,Body C Winter (December-February),Atlantic,closed,False,ADMINISTRATIVE
2026-10-06T00:15Z,status when record began,7812,Body B,Atlantic,closed,False,P. bahamense
2026-10-06T00:15Z,status when record began,7902,South Banana River,Atlantic,closed,False,ADMINISTRATIVE
2026-10-06T00:15Z,status when record began,8001,Body A,Atlantic,closed,False,P. bahamense
2026-10-06T00:15Z,status when record began,8201,South Volusia,Atlantic,closed,False,P. bahamense
2026-10-06T00:15Z,status when record began,8212,South Volusia Zone 1,Atlantic,open,False,Passing FC Results
2026-10-06T00:15Z,status when record began,8222,South Volusia Zone 2,Atlantic,open,False,
2026-10-06T00:15Z,status when record began,8802,South St. Johns,Atlantic,open,False,
2026-10-06T00:15Z,status when record began,9202,North St. Johns,Atlantic,open,False,
2026-10-06T00:15Z,status when record began,9602,Duval County,Atlantic,mixed,False,Rainfall Passing FC samples; Results Expected; 9/11; 9/25; Results Expected; 9/29; 9/30; 10/01
2026-10-06T00:15Z,status when record began,0111,Big Lagoon,West Gulf,open,False,
2026-10-06T00:15Z,status when record began,0222,Escambia Bay,West Gulf,mixed,False,Rainfall Management; Rainfall Management
2026-10-06T00:15Z,status when record began,0232,East Bay,West Gulf,closed,False,Rainfall Management; Rainfall Management
2026-10-06T00:15Z,status when record began,0622,Choctawhatchee Bay Central,West Gulf,mixed,False,Rainfall Management
2026-10-06T00:15Z,status when record began,0632,Choctawhatchee Bay Eastern,West Gulf,closed,False,Rainfall Management
2026-10-06T00:15Z,status when record began,0822,West Bay,West Gulf,closed,False,Rainfall Management; Rainfall Management
2026-10-06T00:15Z,status when record began,1012,North Bay Western,West Gulf,closed,False,Rainfall Management
2026-10-06T00:15Z,status when record began,1022,North Bay Eastern,West Gulf,closed,False,Rainfall Management
2026-10-06T00:15Z,status when record began,1212,East Bay,West Gulf,open,False,Results Expected; 09/24/2026; 09/25/2026; 10/01/2026; Results Expected
2026-10-06T00:15Z,status when record began,1401,St. Joe Bay,Central Gulf,closed,True,Pyrodinium bahamense
2026-10-06T00:15Z,status when record began,1512,"Indian Lagoon Spring/Fall (March-June, October) (Leases Jul-Sep)",Central Gulf,mixed,False,PER FWC; Lack of Data
2026-10-06T00:15Z,status when record began,1542,Indian Lagoon Zone A Winter (November-February),Central Gulf,closed,False,PER FWC; Seasonal
2026-10-06T00:15Z,status when record began,1552,Indian Lagoon Zone B Winter (November-February),Central Gulf,closed,False,PER FWC
2026-10-06T00:15Z,status when record began,1506,Indian Lagoon,Central Gulf,closed,False,
2026-10-06T00:15Z,status when record began,1601,Apalachicola Bay,Central Gulf,mixed,False,PER FWC
2026-10-06T00:15Z,status when record began,1611,Apalachicola Bay,Central Gulf,mixed,False,PER FWC
2026-10-06T00:15Z,status when record began,1612,Apalachicola Bay,Central Gulf,mixed,False,PER FWC
2026-10-06T00:15Z,status when record began,1622,Apalachicola Bay,Central Gulf,closed,False,PER FWC
2026-10-06T00:15Z,status when record began,1632,Apalachicola Bay,Central Gulf,mixed,False,Rainfall Management
2026-10-06T00:15Z,status when record began,1642,Apalachicola Bay,Central Gulf,open,False,Seasonal
2026-10-06T00:15Z,status when record began,1672,Apalachicola Bay,Central Gulf,closed,False,PER FWC
2026-10-06T00:15Z,status when record began,1652,Apalachicola Bay Summer,Central Gulf,closed,False,PER FWC
2026-10-06T00:15Z,status when record began,1662,Apalachicola Bay Summer,Central Gulf,closed,False,PER FWC
2026-10-06T00:15Z,status when record began,1801,Alligator Harbor,Central Gulf,open,False,
2026-10-06T00:15Z,status when record began,2002,Ochlockonee Bay (October-June),Central Gulf,mixed,False,Lack of Data
2026-10-06T00:15Z,status when record began,2006,Ochlockonee Bay,Central Gulf,closed,False,
2026-10-06T00:15Z,status when record began,2212,Wakulla County Zone 1 Fall/Winter/Spring (September-May),Central Gulf,closed,False,Rainfall Management; Rainfall Management
2026-10-06T00:15Z,status when record began,2222,Wakulla County Zone 2 Fall/Winter/Spring (September-May),Central Gulf,open,False,
2026-10-06T00:15Z,status when record began,2206,Wakulla County,Central Gulf,closed,False,Results Expected; 10/9/26; 10/14/26; 10/14/26; Results Expected; 10/8/26
2026-10-06T00:15Z,status when record began,2502,"Horseshoe Beach Conditionally Approved Aquaculture Use Zones (Horseshoe, Long Bar, Shired Reef, Pine Island leases)",Big Bend Gulf,open,False,
2026-10-06T00:15Z,status when record began,2802,"Suwannee Sound Spring/Summer (February-May, September)",Big Bend Gulf,closed,False,Seasonal
2026-10-06T00:15Z,status when record began,2812,Suwannee Sound Winter (October-January),Big Bend Gulf,open,False,
2026-10-06T00:15Z,status when record began,3001,"Cedar Key Approved (Including Gulf Jackson, Pelican Reef and Derricks Aquaculture Use Zones)",Big Bend Gulf,open,False,
2026-10-06T00:15Z,status when record began,3012,Cedar Key Zone A Conditionally Approved (Wild harvest areas),Big Bend Gulf,open,False,
2026-10-06T00:15Z,status when record began,3022,Cedar Key Zone B,Big Bend Gulf,open,False,
2026-10-06T00:15Z,status when record began,3202,Waccasassa Bay,Big Bend Gulf,open,False,
2026-10-06T00:15Z,status when record began,3402,Withlacoochee Bay,Big Bend Gulf,open,False,
2026-10-06T00:15Z,status when record began,3701,"Citrus County Spring/Fall (March-June, October)",Big Bend Gulf,open,False,
2026-10-06T00:15Z,status when record began,3702,Citrus County Winter (November-February),Big Bend Gulf,closed,False,Seasonal; Results Expected; 10/7; 10/8; 10/9; Results Expected
2026-10-06T00:15Z,status when record began,4202,Boca Ciega Bay,South Gulf,closed,False,Administrative
2026-10-06T00:15Z,status when record began,4802,Lower Tampa Bay,South Gulf,open,False,
2026-10-06T00:15Z,status when record began,5402,Sarasota Bay,South Gulf,closed,False,Precautionary HAB
2026-10-06T00:15Z,status when record began,5602,Lemon Bay,South Gulf,open,False,
2026-10-06T00:15Z,status when record began,5802,Gasparilla Sound,South Gulf,open,False,
2026-10-06T00:15Z,status when record began,6002,Myakka River,South Gulf,open,False,
2026-10-06T00:15Z,status when record began,6212,Pine Island Section 1,South Gulf,open,False,
2026-10-06T00:15Z,status when record began,6222,Pine Island Section 2 (North Matlacha Pass),South Gulf,open,False,
2026-10-06T00:15Z,status when record began,6232,Pine Island Section 3 (South Matlacha Pass),South Gulf,open,False,
2026-10-06T00:15Z,status when record began,6602,Ten Thousand Islands,South Gulf,open,False,Results Expected; 10/8; 10/9; 10/10; Results Expected; 10/7; 10/8; 10/9
